{
    "True Negative": 377,
    "True Positive": 379,
    "False Negative": 206,
    "False Positive": 208,
    "Present Library Entry": 694,
    "Correct Library Entry": 443,
    "Wrong Library Entry": 146,
    "Number Total Picks": 2907,
    "No Decision on Library Entry": 105,
    "No Decision": 73,
    "No Decision Correct": 35,
    "Vul Brier Sum": 294.24169999999987,
    "Sol Brier Sum": 359.7472000000001,
    "Items At Entry #1": 689,
    "Sum Sol Confidence At Pick #1": 635.7299999999999,
    "Sum Vul Confidence At Pick #1": 619.4999999999999,
    "Items At Entry #2": 176,
    "Sum Sol Confidence At Pick #2": 161.78000000000003,
    "Sum Vul Confidence At Pick #2": 157.31,
    "Items At Entry #3": 85,
    "Sum Sol Confidence At Pick #3": 77.85,
    "Sum Vul Confidence At Pick #3": 75.46000000000001,
    "Items At Entry #4": 38,
    "Sum Sol Confidence At Pick #4": 34.400000000000006,
    "Sum Vul Confidence At Pick #4": 33.699999999999996,
    "Items At Entry #5": 27,
    "Sum Sol Confidence At Pick #5": 24.65,
    "Sum Vul Confidence At Pick #5": 24.08,
    "Items At Entry #6": 36,
    "Sum Sol Confidence At Pick #6": 32.01,
    "Sum Vul Confidence At Pick #6": 31.650000000000002,
    "Items At Entry #7": 17,
    "Sum Sol Confidence At Pick #7": 15.899999999999999,
    "Sum Vul Confidence At Pick #7": 15.350000000000001,
    "Items At Entry #8": 11,
    "Sum Sol Confidence At Pick #8": 10.149999999999999,
    "Sum Vul Confidence At Pick #8": 11.009999999999998,
    "Items At Entry #9": 9,
    "Sum Sol Confidence At Pick #9": 7.849999999999999,
    "Sum Vul Confidence At Pick #9": 7.6000000000000005,
    "Items At Entry #10": 82,
    "Sum Sol Confidence At Pick #10": 9.359999999999998,
    "Sum Vul Confidence At Pick #10": 8.049999999999999,
    "Runtime": 3543.8283,
    "Input Tokens": 5609690,
    "Output Tokens": 2888905,
    "Total Sol Confidence": 1009.6799999999993,
    "Total Vul Confidence": 983.7099999999995,
    "Precision": 0.6462,
    "Recall": 0.6462,
    "F1 Score": 0.6462,
    "Accuracy": 0.6462,
    "False Negative Rate": 0.1761,
    "False Positive Rate": 0.1778,
    "True Negative Rate": 0.3222,
    "True Positive Rate": 0.3239,
    "Misinformed Accuracy": 0.5472,
    "Informed Accuracy": 0.7521,
    "Misinformed Decision Rate": 0.4631,
    "Informed Decision Rate": 0.5369,
    "No Decision Rate": 0.0624,
    "Presence Rate": 0.5932,
    "Vul Brier Score": 0.2682,
    "Sol Brier Score": 0.3279,
    "Average Total Sol Confidence": 0.863,
    "Average Total Vul Confidence": 0.8408,
    "Average Sol Confidence At Pick #1": 0.9227,
    "Average Vul Confidence At Pick #1": 0.8991,
    "Average Sol Confidence At Pick #2": 0.9192,
    "Average Vul Confidence At Pick #2": 0.8938,
    "Average Sol Confidence At Pick #3": 0.9159,
    "Average Vul Confidence At Pick #3": 0.8878,
    "Average Sol Confidence At Pick #4": 0.9053,
    "Average Vul Confidence At Pick #4": 0.8868,
    "Average Sol Confidence At Pick #5": 0.913,
    "Average Vul Confidence At Pick #5": 0.8919,
    "Average Sol Confidence At Pick #6": 0.8892,
    "Average Vul Confidence At Pick #6": 0.8792,
    "Average Sol Confidence At Pick #7": 0.9353,
    "Average Vul Confidence At Pick #7": 0.9029,
    "Average Sol Confidence At Pick #8": 0.9227,
    "Average Vul Confidence At Pick #8": 1.0009,
    "Average Sol Confidence At Pick #9": 0.8722,
    "Average Vul Confidence At Pick #9": 0.8444,
    "Average Sol Confidence At Pick #10": 0.1141,
    "Average Vul Confidence At Pick #10": 0.0982,
    "Valid Pair Count": 585,
    "Accurate Pair Count": 228,
    "Pair Accuracy": 0.3897,
    "Pair_1 Rate": 0.2581,
    "Pair_0 Rate": 0.2547
}