{
    "True Negative": 379,
    "True Positive": 386,
    "False Negative": 199,
    "False Positive": 206,
    "Present Library Entry": 689,
    "Correct Library Entry": 428,
    "Wrong Library Entry": 151,
    "Number Total Picks": 2971,
    "No Decision on Library Entry": 110,
    "No Decision": 72,
    "No Decision Correct": 33,
    "Vul Brier Sum": 290.28299999999984,
    "Sol Brier Sum": 357.10770000000014,
    "Items At Entry #1": 676,
    "Sum Sol Confidence At Pick #1": 628.43,
    "Sum Vul Confidence At Pick #1": 602.9699999999998,
    "Items At Entry #2": 158,
    "Sum Sol Confidence At Pick #2": 145.37,
    "Sum Vul Confidence At Pick #2": 139.07000000000002,
    "Items At Entry #3": 87,
    "Sum Sol Confidence At Pick #3": 79.55,
    "Sum Vul Confidence At Pick #3": 77.28,
    "Items At Entry #4": 66,
    "Sum Sol Confidence At Pick #4": 60.4,
    "Sum Vul Confidence At Pick #4": 58.5,
    "Items At Entry #5": 36,
    "Sum Sol Confidence At Pick #5": 33.42999999999999,
    "Sum Vul Confidence At Pick #5": 30.889999999999997,
    "Items At Entry #6": 29,
    "Sum Sol Confidence At Pick #6": 27.919999999999998,
    "Sum Vul Confidence At Pick #6": 25.749999999999996,
    "Items At Entry #7": 15,
    "Sum Sol Confidence At Pick #7": 13.850000000000001,
    "Sum Vul Confidence At Pick #7": 14.709999999999999,
    "Items At Entry #8": 13,
    "Sum Sol Confidence At Pick #8": 11.949999999999998,
    "Sum Vul Confidence At Pick #8": 11.349999999999998,
    "Items At Entry #9": 9,
    "Sum Sol Confidence At Pick #9": 8.0,
    "Sum Vul Confidence At Pick #9": 9.02,
    "Items At Entry #10": 81,
    "Sum Sol Confidence At Pick #10": 8.05,
    "Sum Vul Confidence At Pick #10": 7.8999999999999995,
    "Runtime": 3438.392500000001,
    "Input Tokens": 5692611,
    "Output Tokens": 2913277,
    "Total Sol Confidence": 1016.9499999999994,
    "Total Vul Confidence": 977.4399999999996,
    "Precision": 0.6539,
    "Recall": 0.6538,
    "F1 Score": 0.6539,
    "Accuracy": 0.6538,
    "False Negative Rate": 0.1701,
    "False Positive Rate": 0.1761,
    "True Negative Rate": 0.3239,
    "True Positive Rate": 0.3299,
    "Misinformed Accuracy": 0.5857,
    "Informed Accuracy": 0.7392,
    "Misinformed Decision Rate": 0.4727,
    "Informed Decision Rate": 0.5273,
    "No Decision Rate": 0.0615,
    "Presence Rate": 0.5889,
    "Vul Brier Score": 0.2644,
    "Sol Brier Score": 0.3252,
    "Average Total Sol Confidence": 0.8692,
    "Average Total Vul Confidence": 0.8354,
    "Average Sol Confidence At Pick #1": 0.9296,
    "Average Vul Confidence At Pick #1": 0.892,
    "Average Sol Confidence At Pick #2": 0.9201,
    "Average Vul Confidence At Pick #2": 0.8802,
    "Average Sol Confidence At Pick #3": 0.9144,
    "Average Vul Confidence At Pick #3": 0.8883,
    "Average Sol Confidence At Pick #4": 0.9152,
    "Average Vul Confidence At Pick #4": 0.8864,
    "Average Sol Confidence At Pick #5": 0.9286,
    "Average Vul Confidence At Pick #5": 0.8581,
    "Average Sol Confidence At Pick #6": 0.9628,
    "Average Vul Confidence At Pick #6": 0.8879,
    "Average Sol Confidence At Pick #7": 0.9233,
    "Average Vul Confidence At Pick #7": 0.9807,
    "Average Sol Confidence At Pick #8": 0.9192,
    "Average Vul Confidence At Pick #8": 0.8731,
    "Average Sol Confidence At Pick #9": 0.8889,
    "Average Vul Confidence At Pick #9": 1.0022,
    "Average Sol Confidence At Pick #10": 0.0994,
    "Average Vul Confidence At Pick #10": 0.0975,
    "Valid Pair Count": 585,
    "Accurate Pair Count": 226,
    "Pair Accuracy": 0.3863,
    "Pair_1 Rate": 0.2735,
    "Pair_0 Rate": 0.2615
}