{
    "True Negative": 473,
    "True Positive": 450,
    "False Negative": 248,
    "False Positive": 225,
    "Present Library Entry": 1230,
    "Correct Library Entry": 721,
    "Wrong Library Entry": 262,
    "Number Total Picks": 3393,
    "No Decision on Library Entry": 247,
    "No Decision": 111,
    "No Decision Correct": 51,
    "Vul Brier Sum": 326.71819999999974,
    "Sol Brier Sum": 396.43859999999995,
    "Items At Entry #1": 893,
    "Sum Sol Confidence At Pick #1": 827.7799999999995,
    "Sum Vul Confidence At Pick #1": 797.1899999999996,
    "Items At Entry #2": 188,
    "Sum Sol Confidence At Pick #2": 173.27000000000007,
    "Sum Vul Confidence At Pick #2": 167.43000000000006,
    "Items At Entry #3": 62,
    "Sum Sol Confidence At Pick #3": 56.69999999999999,
    "Sum Vul Confidence At Pick #3": 53.24999999999999,
    "Items At Entry #4": 43,
    "Sum Sol Confidence At Pick #4": 39.849999999999994,
    "Sum Vul Confidence At Pick #4": 37.4,
    "Items At Entry #5": 33,
    "Sum Sol Confidence At Pick #5": 31.42,
    "Sum Vul Confidence At Pick #5": 28.849999999999998,
    "Items At Entry #6": 22,
    "Sum Sol Confidence At Pick #6": 21.02,
    "Sum Vul Confidence At Pick #6": 20.27,
    "Items At Entry #7": 16,
    "Sum Sol Confidence At Pick #7": 14.65,
    "Sum Vul Confidence At Pick #7": 14.049999999999997,
    "Items At Entry #8": 14,
    "Sum Sol Confidence At Pick #8": 12.75,
    "Sum Vul Confidence At Pick #8": 12.149999999999999,
    "Items At Entry #9": 5,
    "Sum Sol Confidence At Pick #9": 4.449999999999999,
    "Sum Vul Confidence At Pick #9": 4.35,
    "Items At Entry #10": 120,
    "Sum Sol Confidence At Pick #10": 8.45,
    "Sum Vul Confidence At Pick #10": 8.0,
    "Runtime": 4001.4184,
    "Input Tokens": 5971027,
    "Output Tokens": 3314784,
    "Total Sol Confidence": 1190.3399999999986,
    "Total Vul Confidence": 1142.939999999999,
    "Precision": 0.6613,
    "Recall": 0.6612,
    "F1 Score": 0.6613,
    "Accuracy": 0.6612,
    "False Negative Rate": 0.1777,
    "False Positive Rate": 0.1612,
    "True Negative Rate": 0.3388,
    "True Positive Rate": 0.3223,
    "Misinformed Accuracy": 0.5,
    "Informed Accuracy": 0.7335,
    "Misinformed Decision Rate": 0.235,
    "Informed Decision Rate": 0.765,
    "No Decision Rate": 0.0795,
    "Presence Rate": 0.8811,
    "Vul Brier Score": 0.2543,
    "Sol Brier Score": 0.3085,
    "Average Total Sol Confidence": 0.8527,
    "Average Total Vul Confidence": 0.8187,
    "Average Sol Confidence At Pick #1": 0.927,
    "Average Vul Confidence At Pick #1": 0.8927,
    "Average Sol Confidence At Pick #2": 0.9216,
    "Average Vul Confidence At Pick #2": 0.8906,
    "Average Sol Confidence At Pick #3": 0.9145,
    "Average Vul Confidence At Pick #3": 0.8589,
    "Average Sol Confidence At Pick #4": 0.9267,
    "Average Vul Confidence At Pick #4": 0.8698,
    "Average Sol Confidence At Pick #5": 0.9521,
    "Average Vul Confidence At Pick #5": 0.8742,
    "Average Sol Confidence At Pick #6": 0.9555,
    "Average Vul Confidence At Pick #6": 0.9214,
    "Average Sol Confidence At Pick #7": 0.9156,
    "Average Vul Confidence At Pick #7": 0.8781,
    "Average Sol Confidence At Pick #8": 0.9107,
    "Average Vul Confidence At Pick #8": 0.8679,
    "Average Sol Confidence At Pick #9": 0.89,
    "Average Vul Confidence At Pick #9": 0.87,
    "Average Sol Confidence At Pick #10": 0.0704,
    "Average Vul Confidence At Pick #10": 0.0667,
    "Valid Pair Count": 698,
    "Accurate Pair Count": 278,
    "Pair Accuracy": 0.3983,
    "Pair_1 Rate": 0.2464,
    "Pair_0 Rate": 0.2794
}