{
    "True Negative": 326,
    "True Positive": 188,
    "False Negative": 304,
    "False Positive": 166,
    "Present Library Entry": 0,
    "Correct Library Entry": 0,
    "Wrong Library Entry": 0,
    "Number Total Picks": 6106,
    "No Decision on Library Entry": 0,
    "No Decision": 378,
    "No Decision Correct": 191,
    "Vul Brier Sum": 210.75459999999984,
    "Sol Brier Sum": 257.28730000000013,
    "Items At Entry #1": 135,
    "Sum Sol Confidence At Pick #1": 123.07000000000001,
    "Sum Vul Confidence At Pick #1": 118.16000000000001,
    "Items At Entry #2": 112,
    "Sum Sol Confidence At Pick #2": 101.8,
    "Sum Vul Confidence At Pick #2": 97.9,
    "Items At Entry #3": 97,
    "Sum Sol Confidence At Pick #3": 88.89999999999999,
    "Sum Vul Confidence At Pick #3": 86.01,
    "Items At Entry #4": 50,
    "Sum Sol Confidence At Pick #4": 45.72,
    "Sum Vul Confidence At Pick #4": 44.22,
    "Items At Entry #5": 60,
    "Sum Sol Confidence At Pick #5": 54.49999999999999,
    "Sum Vul Confidence At Pick #5": 53.709999999999994,
    "Items At Entry #6": 43,
    "Sum Sol Confidence At Pick #6": 39.28,
    "Sum Vul Confidence At Pick #6": 37.93999999999998,
    "Items At Entry #7": 36,
    "Sum Sol Confidence At Pick #7": 32.599999999999994,
    "Sum Vul Confidence At Pick #7": 30.870000000000005,
    "Items At Entry #8": 17,
    "Sum Sol Confidence At Pick #8": 15.149999999999999,
    "Sum Vul Confidence At Pick #8": 14.799999999999999,
    "Items At Entry #9": 30,
    "Sum Sol Confidence At Pick #9": 27.7,
    "Sum Vul Confidence At Pick #9": 25.199999999999996,
    "Items At Entry #10": 404,
    "Sum Sol Confidence At Pick #10": 23.749999999999996,
    "Sum Vul Confidence At Pick #10": 23.670000000000005,
    "Runtime": 7622.863700000005,
    "Input Tokens": 12860292,
    "Output Tokens": 5739538,
    "Total Sol Confidence": 552.4699999999999,
    "Total Vul Confidence": 532.4799999999998,
    "Precision": 0.5243,
    "Recall": 0.5224,
    "F1 Score": 0.5233,
    "Accuracy": 0.5224,
    "False Negative Rate": 0.3089,
    "False Positive Rate": 0.1687,
    "True Negative Rate": 0.3313,
    "True Positive Rate": 0.1911,
    "Misinformed Accuracy": 0.533,
    "Informed Accuracy": 0,
    "Misinformed Decision Rate": 1.0,
    "Informed Decision Rate": 0.0,
    "No Decision Rate": 0.3841,
    "Presence Rate": 0.0,
    "Vul Brier Score": 0.3478,
    "Sol Brier Score": 0.4246,
    "Average Total Sol Confidence": 0.5615,
    "Average Total Vul Confidence": 0.5411,
    "Average Sol Confidence At Pick #1": 0.9116,
    "Average Vul Confidence At Pick #1": 0.8753,
    "Average Sol Confidence At Pick #2": 0.9089,
    "Average Vul Confidence At Pick #2": 0.8741,
    "Average Sol Confidence At Pick #3": 0.9165,
    "Average Vul Confidence At Pick #3": 0.8867,
    "Average Sol Confidence At Pick #4": 0.9144,
    "Average Vul Confidence At Pick #4": 0.8844,
    "Average Sol Confidence At Pick #5": 0.9083,
    "Average Vul Confidence At Pick #5": 0.8952,
    "Average Sol Confidence At Pick #6": 0.9135,
    "Average Vul Confidence At Pick #6": 0.8823,
    "Average Sol Confidence At Pick #7": 0.9056,
    "Average Vul Confidence At Pick #7": 0.8575,
    "Average Sol Confidence At Pick #8": 0.8912,
    "Average Vul Confidence At Pick #8": 0.8706,
    "Average Sol Confidence At Pick #9": 0.9233,
    "Average Vul Confidence At Pick #9": 0.84,
    "Average Sol Confidence At Pick #10": 0.0588,
    "Average Vul Confidence At Pick #10": 0.0586,
    "Valid Pair Count": 492,
    "Accurate Pair Count": 89,
    "Pair Accuracy": 0.1809,
    "Pair_1 Rate": 0.2012,
    "Pair_0 Rate": 0.4817
}