{
    "True Negative": 486,
    "True Positive": 441,
    "False Negative": 257,
    "False Positive": 212,
    "Present Library Entry": 1222,
    "Correct Library Entry": 743,
    "Wrong Library Entry": 285,
    "Number Total Picks": 2915,
    "No Decision on Library Entry": 194,
    "No Decision": 61,
    "No Decision Correct": 28,
    "Vul Brier Sum": 354.82969999999966,
    "Sol Brier Sum": 433.1308999999999,
    "Items At Entry #1": 952,
    "Sum Sol Confidence At Pick #1": 876.8499999999997,
    "Sum Vul Confidence At Pick #1": 843.8099999999995,
    "Items At Entry #2": 177,
    "Sum Sol Confidence At Pick #2": 166.45,
    "Sum Vul Confidence At Pick #2": 154.59000000000003,
    "Items At Entry #3": 72,
    "Sum Sol Confidence At Pick #3": 64.22999999999999,
    "Sum Vul Confidence At Pick #3": 64.12,
    "Items At Entry #4": 41,
    "Sum Sol Confidence At Pick #4": 37.9,
    "Sum Vul Confidence At Pick #4": 37.12,
    "Items At Entry #5": 35,
    "Sum Sol Confidence At Pick #5": 31.799999999999997,
    "Sum Vul Confidence At Pick #5": 29.4,
    "Items At Entry #6": 19,
    "Sum Sol Confidence At Pick #6": 17.299999999999997,
    "Sum Vul Confidence At Pick #6": 16.599999999999998,
    "Items At Entry #7": 12,
    "Sum Sol Confidence At Pick #7": 11.05,
    "Sum Vul Confidence At Pick #7": 11.760000000000002,
    "Items At Entry #8": 8,
    "Sum Sol Confidence At Pick #8": 7.3,
    "Sum Vul Confidence At Pick #8": 6.800000000000001,
    "Items At Entry #9": 8,
    "Sum Sol Confidence At Pick #9": 7.6,
    "Sum Vul Confidence At Pick #9": 6.949999999999999,
    "Items At Entry #10": 72,
    "Sum Sol Confidence At Pick #10": 10.149999999999999,
    "Sum Vul Confidence At Pick #10": 9.799999999999999,
    "Runtime": 3074.6983,
    "Input Tokens": 5086188,
    "Output Tokens": 2884052,
    "Total Sol Confidence": 1230.6299999999985,
    "Total Vul Confidence": 1180.9499999999991,
    "Precision": 0.6647,
    "Recall": 0.664,
    "F1 Score": 0.6644,
    "Accuracy": 0.664,
    "False Negative Rate": 0.1841,
    "False Positive Rate": 0.1519,
    "True Negative Rate": 0.3481,
    "True Positive Rate": 0.3159,
    "Misinformed Accuracy": 0.5081,
    "Informed Accuracy": 0.7228,
    "Misinformed Decision Rate": 0.23,
    "Informed Decision Rate": 0.77,
    "No Decision Rate": 0.0437,
    "Presence Rate": 0.8754,
    "Vul Brier Score": 0.2658,
    "Sol Brier Score": 0.3244,
    "Average Total Sol Confidence": 0.8815,
    "Average Total Vul Confidence": 0.846,
    "Average Sol Confidence At Pick #1": 0.9211,
    "Average Vul Confidence At Pick #1": 0.8864,
    "Average Sol Confidence At Pick #2": 0.9404,
    "Average Vul Confidence At Pick #2": 0.8734,
    "Average Sol Confidence At Pick #3": 0.8921,
    "Average Vul Confidence At Pick #3": 0.8906,
    "Average Sol Confidence At Pick #4": 0.9244,
    "Average Vul Confidence At Pick #4": 0.9054,
    "Average Sol Confidence At Pick #5": 0.9086,
    "Average Vul Confidence At Pick #5": 0.84,
    "Average Sol Confidence At Pick #6": 0.9105,
    "Average Vul Confidence At Pick #6": 0.8737,
    "Average Sol Confidence At Pick #7": 0.9208,
    "Average Vul Confidence At Pick #7": 0.98,
    "Average Sol Confidence At Pick #8": 0.9125,
    "Average Vul Confidence At Pick #8": 0.85,
    "Average Sol Confidence At Pick #9": 0.95,
    "Average Vul Confidence At Pick #9": 0.8687,
    "Average Sol Confidence At Pick #10": 0.141,
    "Average Vul Confidence At Pick #10": 0.1361,
    "Valid Pair Count": 698,
    "Accurate Pair Count": 288,
    "Pair Accuracy": 0.4126,
    "Pair_1 Rate": 0.2192,
    "Pair_0 Rate": 0.2837
}